lizard_ID,species,start_date,initial_mass,start_crickets,initial_svl,initial_tl,trial1_mass,trial1_date,crickets_left1,crickets_eaten1,trial2_mass,trial2_date,crickets_left2,crickets_eaten2,trial3_mass,trial3_date,crickets_left3,crickets_eaten3,final_mass,final_svl,final_tl,clutch,egg_date,hatch_date,sex,yolk_trt,temp_trt,hatch_mass,hatch_svl,hatch_tl,egg_mass,egg_length_mm,egg_width_mm,post_extract_mass,extracted_yolk,dev_time
LG007_20,guichenoti,16/11/20,0.23,20,22.174,17.483,NA,18/11/20,5,15,NA,20/11/20,1,19,NA,22/11/20,1,19,0.262,22.119,21.088,CL41,1/12/19,1/1/20,f,C,28,0.137,18.2,27.632,0.17,8.54,5.96,0.17,0,31
LG009_20,guichenoti,30/11/20,0.233,30,22.034,29.279,NA,2/12/20,16,14,NA,4/12/20,18,12,NA,6/12/20,5,25,0.296,23.443,33.435,CL003_20,6/10/20,22/11/20,NA,A,23,0.153,20.077,27.614,0.259,9.82,6.96,0.236,0.023,47
LG019_20,guichenoti,16/12/20,NA,30,NA,NA,NA,18/12/20,NA,NA,NA,20/12/20,NA,NA,NA,22/12/20,0,30,NA,NA,NA,CL006_20,14/10/20,2/12/20,NA,A,23,0.164,21.951,27.436,0.266,9.89,6.99,0.249,0.017,49
LG020_20,guichenoti,16/12/20,0.226,30,22.821,34.417,0.146,18/12/20,3,27,0.189,20/12/20,9,21,0.151,22/12/20,14,16,0.347,24.583,35.752,CL33,26/11/19,16/1/20,f,C,23,0.148,18.683,25.042,0.162,8.55,5.6,0.162,0,51
LG028_20,guichenoti,21/12/20,0.213,30,22.441,29.768,0.293,23/12/20,18,12,0.137,25/12/20,13,17,0.143,27/12/20,11,19,0.286,21.719,30.083,CL009_20,18/10/20,7/12/20,NA,A,23,0.149,NA,NA,0.225,9.75,6.51,0.207,0.018,50
LG029_20,guichenoti,21/12/20,0.23,30,21.618,28.786,0.203,23/12/20,10,20,0.234,25/12/20,23,7,0.218,27/12/20,18,12,0.252,23.256,29.539,CL53,8/12/19,22/1/20,f,A,23,0.058,15.942,19.662,0.132,7.91,5.56,0.112,0.02,45
LG030_20,guichenoti,16/12/20,0.26,30,20.995,29.129,0.139,18/12/20,5,25,0.18,20/12/20,13,17,0.241,22/12/20,18,12,0.323,23.491,30.844,CL010_20,18/10/20,3/12/20,NA,A,23,0.17,21.017,25.047,0.26,9.95,6.99,0.243,0.017,46
LG031_20,guichenoti,16/12/20,0.251,30,21.644,29.927,0.14,18/12/20,8,22,0.21,20/12/20,13,17,0.219,22/12/20,7,23,0.359,23.994,32.317,CL010_20,18/10/20,4/12/20,NA,C,23,0.181,20.87,24.833,0.262,10.06,6.87,0.262,0,47
LG032_20,guichenoti,21/12/20,0.206,30,21.848,28.116,0.192,23/12/20,11,19,0.224,25/12/20,16,14,0.266,27/12/20,14,16,0.308,22.493,33.374,CL019,22/11/19,13/1/20,f,A,23,0.133,NA,NA,0.163,9.46,5.66,0.144,0.019,52
LG033_20,guichenoti,30/11/20,0.244,30,20.413,28.155,NA,2/12/20,17,13,NA,4/12/20,14,16,NA,6/12/20,4,26,0.283,21.779,26.074,CL011_20,20/10/20,22/11/20,NA,A,28,0.148,20.189,25.198,0.192,9.12,6.05,0.182,0.01,33
LG039_20,guichenoti,21/12/20,0.15,30,19.328,27.229,0.237,23/12/20,18,12,0.188,25/12/20,20,10,0.255,27/12/20,17,13,0.189,20.523,29.448,CL013_20,20/10/20,9/12/20,NA,C,23,0.115,18.067,24.606,0.148,7.88,6.11,0.148,0,50
LG040_20,guichenoti,30/11/20,0.175,30,19.59,26.871,NA,2/12/20,17,13,NA,4/12/20,22,8,NA,6/12/20,10,20,0.212,20.721,30.15,CL013_20,20/10/20,19/11/20,NA,A,28,0.103,18.295,25.098,0.157,8.34,5.92,0.131,0.026,30
LG041_20,guichenoti,30/11/20,0.224,30,21.815,29.64,NA,2/12/20,15,15,NA,4/12/20,14,16,NA,6/12/20,4,26,0.264,22.384,33.26,CL013_20,20/10/20,20/11/20,NA,C,28,0.124,18.915,25.956,0.172,9.3,6.3,0.172,0,31
LG042_20,guichenoti,21/12/20,0.207,30,20.982,28.557,0.171,23/12/20,13,17,0.214,25/12/20,18,12,0.225,27/12/20,19,11,0.225,22.591,31.077,CL013_20,20/10/20,8/12/20,f,A,23,0.111,17.724,23.136,0.154,8.24,6.03,0.138,0.016,49
LG052_20,guichenoti,7/12/20,0.342,30,22.781,33.704,NA,9/12/20,9,21,0.115,11/12/20,6,24,0.111,13/12/20,8,22,0.33,26.274,35.791,CL017_20,25/10/20,25/11/20,f,A,28,0.156,19.773,NA,0.199,9.43,6.37,0.173,0.026,31
LG053_20,guichenoti,21/12/20,0.165,30,20.321,26.86,0.209,23/12/20,17,13,0.296,25/12/20,26,4,0.136,27/12/20,16,14,0.212,22.679,30.017,CL017_20,25/10/20,13/12/20,NA,A,23,0.122,19.444,23.726,0.189,8.75,6.34,0.163,0.026,49
LG054_20,guichenoti,7/12/20,0.293,30,23.481,32.487,NA,9/12/20,11,19,0.139,11/12/20,12,18,0.148,13/12/20,7,23,0.304,24.509,33.601,CL017_20,25/10/20,24/11/20,NA,C,28,0.136,18.523,26.398,0.195,8.68,6.58,0.195,0,30
LG055_20,guichenoti,7/12/20,0.342,30,23.818,33.108,NA,9/12/20,14,16,0.126,11/12/20,7,23,0.214,13/12/20,6,24,0.351,24.231,35.763,CL018_20,25/10/20,26/11/20,NA,C,28,0.176,20.977,28.197,0.196,9.39,6.14,0.196,0,32
LG056_20,guichenoti,28/12/20,0.232,30,21.195,28.944,0.295,30/12/20,19,11,0.259,1/1/21,19,11,0.198,3/1/21,15,15,0.301,21.752,31.788,CL018_20,25/10/20,16/12/20,NA,A,23,0.141,20.422,26.645,0.208,9.54,6.34,0.175,0.033,52
LG067_20,guichenoti,7/12/20,0.284,30,21.442,28.88,NA,9/12/20,15,15,0.114,11/12/20,13,17,0.128,13/12/20,6,24,0.279,23.611,29.519,CL021_20,27/10/20,27/11/20,NA,A,28,0.174,20.772,26.923,0.238,9.66,6.71,0.212,0.026,31
LG068_20,guichenoti,7/12/20,0.295,30,22.68,28.906,NA,9/12/20,17,13,0.116,11/12/20,10,20,0.125,13/12/20,6,24,0.301,23.06,29.587,CL021_20,27/10/20,27/11/20,NA,C,28,0.18,20.969,26.413,0.229,9.25,6.73,0.229,0,31
LG069_20,guichenoti,28/12/20,0.201,30,21.581,30.766,0.233,30/12/20,13,17,0.274,1/1/21,20,10,0.15,3/1/21,10,20,0.293,22.47,32.943,CL022_20,27/10/20,17/12/20,NA,C,23,0.165,20.914,26.974,0.18,10.28,5.58,0.18,0,51
LG070_20,guichenoti,7/12/20,0.278,30,22.919,31.364,NA,9/12/20,18,12,0.126,11/12/20,6,24,0.12,13/12/20,6,24,0.296,23.424,35.459,CL022_20,27/10/20,28/11/20,NA,A,28,0.15,19.888,28.317,0.179,9.57,5.92,0.165,0.014,32
LG071_20,guichenoti,28/12/20,0.212,30,21.442,18.468,0.234,30/12/20,14,16,0.27,1/1/21,19,11,0.164,3/1/21,10,20,0.303,23.377,10.578,CL022_20,27/10/20,16/12/20,m,A,23,0.143,19.254,15.105,0.182,9.42,5.91,0.163,0.019,50
LG079_20,guichenoti,28/12/20,0.181,30,19.434,26.52,0.335,30/12/20,22,8,0.334,1/1/21,23,7,0.125,3/1/21,17,13,0.188,20.374,26.785,CL024_20,29/10/20,19/12/20,m,A,23,0.102,17.352,21.132,0.147,8.72,5.65,0.131,0.016,51
LG080_20,guichenoti,7/12/20,0.191,30,21.061,27.104,NA,9/12/20,17,13,0.127,11/12/20,11,19,0.218,13/12/20,11,19,0.205,21.442,8.208,CL024_20,29/10/20,28/11/20,NA,C,28,0.12,19.319,24.013,0.147,8.72,5.74,0.147,0,30
LG081_20,guichenoti,16/12/20,0.168,30,19.704,29.183,0.122,18/12/20,10,20,0.198,20/12/20,10,20,0.229,22/12/20,11,19,0.252,22.344,32.917,CL025_20,29/10/20,1/12/20,m,A,28,0.114,19.212,25.853,0.182,8.6,6.55,0.161,0.021,33
LG084_20,guichenoti,4/1/21,0.162,30,20.917,27.034,0.149,6/1/21,13,17,0.164,8/1/21,17,13,0.193,10/1/21,23,7,0.198,20.995,29.025,CL025_20,29/10/20,25/12/20,NA,C,23,0.129,20.002,28.225,0.199,9.86,6.18,0.199,0,57
LG087_20,guichenoti,16/12/20,0.213,30,22.041,31.146,0.133,18/12/20,3,27,0.231,20/12/20,11,19,0.271,22/12/20,13,17,0.333,24.381,34.574,CL026_20,29/10/20,1/12/20,NA,A,28,0.154,19.679,28.122,0.165,9.71,5.45,0.151,0.014,33
LG088_20,guichenoti,4/1/21,0.231,30,22.645,34.275,0.163,6/1/21,7,23,0.172,8/1/21,11,19,0.3,10/1/21,16,14,0.345,24.235,34.361,CL026_20,29/10/20,21/12/20,NA,A,23,0.155,20.03,28.582,0.129,9.75,5,0.12,0.009,53
LG089_20,guichenoti,4/1/21,0.248,30,23.33,32.721,0.15,6/1/21,5,25,0.231,8/1/21,13,17,0.288,10/1/21,12,18,0.374,24.368,35.873,CL026_20,29/10/20,21/12/20,NA,C,23,0.17,20.186,28.755,0.126,9.79,4.98,0.126,0,53
LG097_20,guichenoti,16/12/20,0.198,30,21.125,28.383,0.129,18/12/20,6,24,0.223,20/12/20,14,16,0.175,22/12/20,10,20,0.267,23.439,34.134,CL029_20,31/10/20,2/12/20,NA,A,28,0.117,18.626,23.983,0.158,9.56,5.5,0.137,0.021,32
LG098_20,guichenoti,16/12/20,0.196,30,20.382,30.556,0.121,18/12/20,3,27,0.191,20/12/20,11,19,0.2,22/12/20,12,18,0.301,22.996,33.844,CL029_20,31/10/20,2/12/20,NA,A,28,0.154,19.933,27.016,0.212,9.89,6.42,0.185,0.027,32
LG099_20,guichenoti,4/1/21,0.19,30,20.488,28.388,0.15,6/1/21,6,24,0.186,8/1/21,13,17,0.36,10/1/21,19,11,0.269,22.3,30.095,CL029_20,31/10/20,24/12/20,m,A,23,0.12,19.721,24.362,0.159,9.12,5.86,0.141,0.018,54
LG100_20,guichenoti,4/1/21,0.207,30,20.506,30.329,0.164,6/1/21,7,23,0.207,8/1/21,13,17,0.215,10/1/21,15,15,0.299,22.412,31.082,CL029_20,31/10/20,21/12/20,NA,A,23,0.13,19.363,23.505,0.192,8.42,6.6,0.168,0.024,51
LG101_20,guichenoti,16/12/20,0.167,30,19.395,27.325,0.099,18/12/20,1,29,0.172,20/12/20,10,20,0.232,22/12/20,13,17,0.257,21.574,31.938,CL029_20,31/10/20,1/12/20,NA,C,28,0.126,16.912,23.351,0.18,8.19,6.29,0.18,0,31
LG102_20,guichenoti,4/1/21,0.173,30,19.663,27.976,0.174,6/1/21,9,21,0.142,8/1/21,11,19,0.219,10/1/21,11,19,0.264,22.297,29.838,CL029_20,31/10/20,22/12/20,NA,C,23,0.129,19.344,25.289,0.169,8,6.1,0.169,0,52
LG103_20,guichenoti,16/12/20,0.186,30,21.291,29.855,0.126,18/12/20,5,25,0.22,20/12/20,17,13,0.239,22/12/20,13,17,0.275,23.002,33.619,CL029_20,31/10/20,2/12/20,NA,A,28,0.127,19.32,25.364,0.167,9.3,5.75,0.149,0.018,32
LG104_20,guichenoti,4/1/21,0.217,30,22.535,28.523,0.171,6/1/21,2,28,0.214,8/1/21,7,23,0.24,10/1/21,10,20,0.362,24.126,33.596,CL030_20,31/10/20,23/12/20,NA,A,23,0.163,20.372,25.838,0.207,10.11,6.03,0.177,0.03,53
LG109_20,guichenoti,4/1/21,0.209,30,19.519,29.975,0.174,6/1/21,15,15,0.144,8/1/21,19,11,0.183,10/1/21,11,19,0.273,21.105,33.134,CL030_20,31/10/20,23/12/20,NA,A,23,0.152,19.588,24.931,0.155,9.85,5.43,0.14,0.015,53
LG110_20,guichenoti,16/12/20,0.224,30,20.378,33.486,0.122,18/12/20,5,25,0.214,20/12/20,12,18,0.291,22/12/20,15,15,0.345,25.167,37.733,CL031_20,31/10/20,2/12/20,NA,A,28,0.153,19.982,28.946,0.221,9.91,6.55,0.188,0.033,32
LG111_20,guichenoti,4/1/21,0.221,30,20.988,28.723,0.132,6/1/21,7,23,0.165,8/1/21,11,19,0.314,10/1/21,20,10,0.281,21.023,30.525,CL031_20,31/10/20,21/12/20,NA,A,23,0.122,19.078,23.579,0.161,8,6.32,0.142,0.019,51
LG112_20,guichenoti,4/1/21,0.214,30,21.749,33.013,0.172,6/1/21,6,24,0.193,8/1/21,14,16,0.202,10/1/21,8,22,0.344,23.295,34.918,CL031_20,31/10/20,23/12/20,NA,A,23,0.166,19.986,28.232,0.229,9.61,6.74,0.203,0.026,53
LG113_20,guichenoti,28/12/20,0.183,30,19.972,29.331,0.244,30/12/20,16,14,0.27,1/1/21,17,13,0.128,3/1/21,8,22,0.256,21.224,NA,CL031_20,31/10/20,20/12/20,NA,C,23,0.121,17.889,25.818,0.172,8,6.53,0.172,0,50
LG114_20,guichenoti,16/12/20,0.187,30,19.907,28.614,0.135,18/12/20,11,19,0.178,20/12/20,7,23,0.273,22/12/20,16,14,0.258,21.507,33.071,CL031_20,31/10/20,1/12/20,NA,C,28,0.124,18.984,26.954,0.165,8.44,6.16,0.165,0,31
LG115_20,guichenoti,16/12/20,0.179,30,20.428,9.311,0.12,18/12/20,9,21,0.224,20/12/20,20,10,0.289,22/12/20,21,9,0.243,22.56,10.533,CL032_20,31/10/20,1/12/20,f,A,28,0.13,19.067,24.299,0.189,8.47,6.55,0.164,0.025,31
LG117_20,guichenoti,16/12/20,0.207,30,20.697,29.417,0.124,18/12/20,6,24,0.208,20/12/20,13,17,0.281,22/12/20,16,14,0.315,24.025,32.515,CL032_20,31/10/20,1/12/20,f,A,28,0.132,18.613,25.192,0.187,8.45,6.81,0.165,0.022,31
LG118_20,guichenoti,4/1/21,0.194,30,22.196,"26,157",0.189,6/1/21,12,18,0.136,8/1/21,16,14,0.221,10/1/21,8,22,0.27,22.882,29.689,CL032_20,31/10/20,22/12/20,NA,C,23,0.148,19.76,24.01,0.188,8.44,6.36,0.188,0,52
LG119_20,guichenoti,16/12/20,0.239,30,22.691,28.72,0.134,18/12/20,5,25,0.193,20/12/20,10,20,0.263,22/12/20,12,18,0.348,23.769,32.789,CL033_20,31/10/20,1/12/20,NA,A,28,0.163,20.342,26.022,0.257,10.57,6.81,0.222,0.035,31
LG120_20,guichenoti,16/12/20,0.281,30,23.59,26.629,0.11,18/12/20,4,26,0.216,20/12/20,13,17,0.321,22/12/20,19,11,0.33,23.966,30.789,CL033_20,31/10/20,2/12/20,NA,C,28,0.171,20.838,24.535,0.239,10,6.58,0.239,0,32
LG121_20,guichenoti,28/12/20,0.231,30,22.04,25.976,0.241,30/12/20,16,14,0.257,1/1/21,10,20,0.128,3/1/21,13,17,0.331,21.751,29.202,CL033_20,31/10/20,19/12/20,NA,A,23,0.169,19.856,22.553,NA,NA,NA,NA,0,49
LG121_20**,guichenoti,16/12/20,0.207,30,20.402,28.923,0.125,18/12/20,3,27,0.196,20/12/20,12,18,0.248,22/12/20,12,18,0.312,24.445,35,CL033_20,31/10/20,3/12/20,NA,A,23,0.139,19.874,27.118,0.237,10.33,6.34,0.207,0.03,33
LG122_20,guichenoti,16/12/20,0.191,30,21.08,29.578,0.12,18/12/20,7,23,0.206,20/12/20,10,20,0.198,22/12/20,7,23,0.278,23.713,32.373,CL034_20,31/10/20,4/12/20,NA,A,28,0.148,20.121,26.786,0.17,9.86,5.6,0.148,0.022,34
LG135_20,guichenoti,16/12/20,0.225,30,20.627,31.353,0.113,18/12/20,3,27,0.221,20/12/20,7,23,0.208,22/12/20,7,23,0.326,23.173,36.355,CL038_20,2/11/20,6/12/20,NA,C,28,0.149,19.318,28.362,0.168,9.83,5.4,0.168,0,34
LG137_20,guichenoti,4/1/21,0.189,30,21.664,31.533,0.192,6/1/21,11,19,0.195,8/1/21,20,10,0.188,10/1/21,12,18,0.267,22.334,34.628,CL039_20,2/11/20,23/12/20,m,A,23,0.135,19.971,27.725,0.212,8.93,6.68,0.183,0.029,51
LG139_20,guichenoti,16/12/20,0.231,30,21.385,35.628,0.116,18/12/20,4,26,0.194,20/12/20,11,19,0.266,22/12/20,11,19,0.351,24.332,NA,CL040_20,2/11/20,4/12/20,NA,C,28,0.178,20.715,30.688,0.194,9.6,5.86,0.194,0,32
LG141_20,guichenoti,4/1/21,0.204,30,21.229,32.034,0.167,6/1/21,10,20,0.179,8/1/21,11,19,0.18,10/1/21,8,22,0.291,22.467,35.306,CL040_20,2/11/20,24/12/20,NA,A,23,0.166,20.707,29.599,0.188,9.72,5.91,0.169,0.019,52
LG142_20,guichenoti,4/1/21,0.216,30,21.763,28.14,0.143,6/1/21,8,22,0.167,8/1/21,11,19,0.281,10/1/21,16,14,0.289,20.757,33.338,CL041_20,2/11/20,26/12/20,NA,A,23,0.152,20.782,25.382,0.173,9.43,5.66,0.152,0.021,54
LG143_20,guichenoti,4/1/21,0.194,30,21.055,28.003,0.147,6/1/21,11,19,0.164,8/1/21,12,18,0.249,10/1/21,14,16,0.277,22.225,30.019,CL041_20,2/11/20,27/12/20,NA,C,23,0.166,21.126,26.692,0.177,9.06,5.89,0.177,0,55
LG144_20,guichenoti,16/12/20,0.208,30,20.069,29.799,0.139,18/12/20,2,28,0.219,20/12/20,10,20,0.204,22/12/20,12,18,0.326,22.928,33.415,CL042_20,2/11/20,3/12/20,NA,A,28,0.126,19.123,25.274,0.185,10.11,5.72,0.156,0.029,31
LG145_20,guichenoti,16/12/20,0.168,30,19.433,27.459,0.122,18/12/20,9,21,0.214,20/12/20,11,19,0.261,22/12/20,14,16,0.264,21.237,30.943,CL043_20,3/11/20,6/12/20,NA,C,28,0.13,18.787,23.958,0.142,9.17,5.21,0.142,0,33
LG147_20,guichenoti,13/1/21,0.257,30,21.961,27.56,0.184,15/1/21,11,19,0.124,17/1/21,8,22,0.137,19/1/21,13,17,0.312,22.326,30.684,CL044_20,4/11/20,29/12/20,NA,A,23,0.163,19.648,25.153,0.195,9.52,6.16,0.166,0.029,55
LG148_20,guichenoti,16/12/20,0.202,30,21.052,29.127,0.123,18/12/20,10,20,0.199,20/12/20,10,20,0.279,22/12/20,15,15,0.278,22.956,30.757,CL044_20,4/11/20,6/12/20,NA,A,28,0.144,19.877,24.898,0.187,8.65,6.31,0.155,0.032,32
LG149_20,guichenoti,21/12/20,0.232,30,21.777,27.502,0.212,23/12/20,12,18,0.243,25/12/20,18,12,0.258,27/12/20,18,12,0.296,23.32,28.47,CL044_20,4/11/20,7/12/20,NA,C,28,0.154,20.722,24.533,0.186,8.75,6.16,0.186,0,33
LG150_20,guichenoti,13/1/21,0.211,30,20.843,28.131,0.164,15/1/21,15,15,0.133,17/1/21,8,22,0.145,19/1/21,9,21,0.278,21.23,30.086,CL044_20,4/11/20,29/12/20,NA,C,23,0.153,19.209,23.835,0.188,8.5,6.4,0.188,0,55
LG159_20,guichenoti,21/12/20,0.237,30,22.357,33.002,0.196,23/12/20,11,19,0.178,25/12/20,14,16,0.128,27/12/20,9,21,0.321,23.866,35.354,CL047_20,4/11/20,7/12/20,NA,C,28,0.156,19.233,28.069,0.218,8.94,6.7,0.218,0,33
LG160_20,guichenoti,4/1/21,0.206,30,21.549,30.601,0.149,6/1/21,9,21,0.162,8/1/21,9,21,0.276,10/1/21,12,18,0.317,23.844,32.515,CL047_20,4/11/20,24/12/20,NA,A,23,0.143,19.942,25.935,0.219,8.84,6.75,0.196,0.023,50
LG174_20,guichenoti,4/1/21,0.205,30,20.04,29.985,0.151,6/1/21,8,22,0.181,8/1/21,14,16,0.224,10/1/21,14,16,0.297,23.241,32.832,CL051_20,5/11/20,26/12/20,NA,A,23,0.141,19.344,26.589,0.162,8.62,5.79,0.137,0.025,51
LG175_20,guichenoti,16/12/20,0.176,30,20.731,3.5,0.119,18/12/20,8,22,0.175,20/12/20,11,19,0.236,22/12/20,10,20,0.266,25.229,4.285,CL051_20,5/11/20,6/12/20,m,A,28,0.126,18.798,3.744,0.161,9.07,5.62,0.135,0.026,31
LG176_20,guichenoti,16/12/20,0.192,30,20.389,31.646,0.126,18/12/20,9,21,0.191,20/12/20,5,25,0.229,22/12/20,8,22,0.298,22.233,36.079,CL051_20,5/11/20,6/12/20,NA,C,28,0.151,19.242,29.379,0.162,8.19,6.06,0.162,0,31
LG195_20,guichenoti,23/12/20,0.166,30,21.844,30.227,0.202,25/12/20,20,10,0.133,27/12/20,16,14,0.29,29/12/20,22,8,0.223,22.9,30.053,CL056_20,6/11/20,8/12/20,NA,C,28,0.162,21.09,27.926,0.178,9.82,5.58,0.178,0,32
LG196_20,guichenoti,21/12/20,0.219,30,21.536,29.466,0.206,23/12/20,15,15,0.187,25/12/20,12,18,0.221,27/12/20,20,10,0.239,22.596,31.443,CL056_20,6/11/20,10/12/20,f,A,28,0.136,19.147,26.281,0.186,9.44,5.78,0.163,0.023,34
LG197_20,guichenoti,13/1/21,0.191,30,21.159,26.696,0.164,15/1/21,12,18,0.139,17/1/21,11,19,0.13,19/1/21,12,18,0.265,22.631,30.051,CL056_20,6/11/20,29/12/20,NA,A,23,0.146,19.628,24.661,0.166,9.24,5.64,0.144,0.022,53
LG212_20,guichenoti,21/12/20,0.212,30,19.817,28.324,0.233,23/12/20,19,11,0.205,25/12/20,15,15,0.271,27/12/20,19,11,0.245,21.916,28.077,CL061_20,7/11/20,9/12/20,NA,C,28,0.139,19.129,23.129,0.14,8.46,5.46,0.14,0,32
LG213_20,guichenoti,13/1/21,0.163,30,19.436,25.709,0.122,15/1/21,12,18,0.135,17/1/21,10,20,0.124,19/1/21,13,17,0.219,20.57,28.41,CL061_20,7/11/20,30/12/20,NA,A,23,0.112,18.379,22.879,0.148,8.6,5.49,0.127,0.021,53
LG214_20,guichenoti,21/12/20,0.174,30,20.117,23.993,0.161,23/12/20,12,18,0.239,25/12/20,20,10,0.224,27/12/20,15,15,0.271,21.731,28.127,CL062_20,7/11/20,9/12/20,NA,C,28,0.144,19.192,27.708,0.131,8.66,5.1,0.131,0,32
LG215_20,guichenoti,21/12/20,0.168,30,19.676,27.574,0.219,23/12/20,15,15,0.224,25/12/20,18,12,0.178,27/12/20,12,18,0.254,21.807,31.079,CL062_20,7/11/20,11/12/20,m,A,28,0.112,17.766,25.391,0.139,8.28,5.46,0.121,0.018,34
LG217_20,guichenoti,21/12/20,0.215,30,21.351,30.715,0.224,23/12/20,11,19,0.13,25/12/20,13,17,0.174,27/12/20,20,10,0.281,22.072,33.564,CL063_20,7/11/20,8/12/20,NA,C,28,0.138,18.094,26.528,0.186,8.94,6.26,0.186,0,31
LG218_20,guichenoti,21/12/20,0.159,30,18.363,23.445,0.154,23/12/20,9,21,0.22,25/12/20,19,11,0.266,27/12/20,17,13,0.214,21.485,26.254,CL063_20,7/11/20,10/12/20,m,A,28,0.111,16.511,21.502,0.176,8.61,6.28,0.153,0.023,33
LG219_20,guichenoti,21/12/20,0.225,30,20.574,30.283,0.223,23/12/20,19,11,0.22,25/12/20,19,11,0.258,27/12/20,17,13,0.28,22.799,34.521,CL064_20,7/11/20,10/12/20,NA,C,28,0.163,20.413,28.185,0.169,8.77,5.92,0.169,0,33
LG220_20,guichenoti,21/12/20,0.203,30,20.719,31.562,0.178,23/12/20,7,23,0.21,25/12/20,12,18,0.242,27/12/20,13,17,0.292,22.712,35.294,CL064_20,7/11/20,9/12/20,NA,A,28,0.147,19.624,26.892,0.165,9.08,5.68,0.148,0.017,32
LG222_20,guichenoti,4/1/21,0.178,30,19.864,25.963,0.178,6/1/21,12,18,0.148,8/1/21,18,12,0.269,10/1/21,15,15,0.266,22.404,28.239,CL065_20,7/11/20,27/12/20,NA,A,23,0.134,20.412,25.066,0.235,9.39,6.84,0.208,0.027,50
LG223_20,guichenoti,21/12/20,0.177,30,19.839,26.573,0.205,23/12/20,18,12,0.193,25/12/20,22,8,0.179,27/12/20,16,14,0.185,20.534,26.843,CL065_20,7/11/20,8/12/20,f,A,28,0.111,19.03,NA,0.137,8.76,5.16,0.12,0.017,31
LG224_20,guichenoti,23/12/20,0.163,30,20.627,29.323,0.194,25/12/20,13,17,0.18,27/12/20,10,20,0.27,29/12/20,15,15,0.252,21.92,31.052,CL065_20,7/11/20,8/12/20,NA,C,28,0.128,20.017,25.727,0.138,8.53,5.26,0.138,0,31
LG225_20,guichenoti,13/1/21,0.175,30,19.772,26.537,0.183,15/1/21,15,15,0.128,17/1/21,12,18,0.113,19/1/21,7,23,0.258,21.792,28.775,CL065_20,7/11/20,29/12/20,NA,C,23,0.132,18.643,23.916,0.129,8.43,5.15,0.129,0,52
LG230_20,guichenoti,13/1/21,0.177,30,20.397,25.819,0.137,15/1/21,12,18,0.112,17/1/21,13,17,0.12,19/1/21,15,15,0.235,21.423,28.007,CL067_20,7/11/20,30/12/20,NA,C,23,0.138,19.084,24.387,0.154,9.09,5.53,0.154,0,53
LG231_20,guichenoti,13/1/21,0.215,30,20.061,27.298,0.167,15/1/21,13,17,0.163,17/1/21,16,14,0.156,19/1/21,11,19,0.28,20.94,29.874,CL067_20,7/11/20,29/12/20,NA,A,23,0.132,17.929,21.842,0.151,8.52,5.68,0.127,0.024,52
LG233_20,guichenoti,13/1/21,0.246,30,20.861,29.427,0.146,15/1/21,8,22,0.117,17/1/21,6,24,0.153,19/1/21,7,23,0.331,23.305,33.171,CL068_20,7/11/20,30/12/20,NA,C,23,0.175,20.631,26.494,0.219,9.57,6.15,0.219,0,53
LG234_20,guichenoti,13/1/21,0.203,30,21.177,27.385,0.139,15/1/21,11,19,0.116,17/1/21,11,19,0.113,19/1/21,15,15,0.255,22.911,31.669,CL068_20,7/11/20,30/12/20,NA,A,23,0.151,20.658,NA,0.224,9.81,6.45,0.196,0.028,53
LG247_20,guichenoti,13/1/21,0.204,30,20.158,25.731,0.14,15/1/21,8,22,0.14,17/1/21,10,20,0.101,19/1/21,8,22,0.295,22.38,27.164,CL072_20,8/11/20,31/12/20,NA,C,23,0.158,19.594,23.37,0.173,8.92,5.94,0.173,0,53
LG248_20,guichenoti,13/1/21,0.159,30,20.162,21.363,0.142,15/1/21,13,17,0.133,17/1/21,14,16,0.126,19/1/21,18,12,0.208,20.779,24.807,CL072_20,8/11/20,29/12/20,f,A,23,0.126,19.029,19.42,0.176,8.66,5.91,0.156,0.02,51
LG249_20,guichenoti,21/12/20,0.21,30,22.013,24.821,0.199,23/12/20,10,20,0.178,25/12/20,16,14,0.163,27/12/20,10,20,0.262,22.62,27.719,CL072_20,8/11/20,10/12/20,NA,A,28,0.136,20.171,22.912,0.189,9.28,6.12,0.16,0.029,32
LG252_20,guichenoti,13/1/21,0.229,30,21.667,29.837,0.169,15/1/21,13,17,0.127,17/1/21,9,21,0.126,19/1/21,9,21,0.318,24.002,33.004,CL074_20,9/11/20,1/1/21,NA,C,23,0.183,NA,NA,0.176,9.77,5.35,0.176,0,53
LG253_20,guichenoti,13/1/21,0.208,30,21.052,31.072,0.168,15/1/21,11,19,0.14,17/1/21,10,20,0.193,19/1/21,12,18,0.316,23.617,34.112,CL074_20,9/11/20,1/1/21,NA,A,23,0.159,NA,NA,0.175,10.07,5.46,0.156,0.019,53
LG254_20,guichenoti,13/1/21,0.152,30,18.73,23.183,0.128,15/1/21,15,15,0.118,17/1/21,15,15,0.125,19/1/21,13,17,0.185,20.942,24.814,CL075_20,9/11/20,2/1/21,NA,C,23,0.135,17.955,22.279,0.146,8.98,5.51,0.146,0,54
LG272_20,guichenoti,21/12/20,0.177,30,19.343,28.828,0.187,23/12/20,11,19,0.21,25/12/20,18,12,0.156,27/12/20,10,20,0.238,20.974,32.08,CL081_20,11/11/20,13/12/20,NA,C,28,0.125,18.666,27.849,0.134,9.02,4.96,0.134,0,32
LG274_20,guichenoti,21/12/20,0.161,30,18.332,26.245,0.208,23/12/20,15,15,0.21,25/12/20,21,9,0.215,27/12/20,17,13,0.208,20.219,29.33,CL081_20,11/11/20,12/12/20,NA,A,28,0.113,18.151,23.868,0.143,8.42,5.45,0.125,0.018,31
LG275_20,guichenoti,21/12/20,0.192,30,20.419,28.981,0.212,23/12/20,12,18,0.18,25/12/20,14,16,0.195,27/12/20,11,19,0.272,22.009,31.497,CL082_20,11/11/20,11/12/20,f,C,28,0.141,20.091,28.325,0.18,8.87,6.04,0.18,0,30
LG276_20,guichenoti,21/12/20,0.169,30,19.962,26.501,0.196,23/12/20,16,14,0.204,25/12/20,20,10,0.162,27/12/20,10,20,0.214,20.326,28.536,CL082_20,11/11/20,11/12/20,NA,A,28,0.122,18.974,24.838,0.18,9.07,6.03,0.154,0.026,30
LG295_20,guichenoti,28/12/20,0.164,30,19.829,26.337,0.325,30/12/20,21,9,0.288,1/1/21,20,10,0.146,3/1/21,10,20,0.251,23.102,29.973,CL088_20,12/11/20,15/12/20,f,C,28,0.112,18.583,23.946,0.142,7.35,5.85,0.142,0,33
LG296_20,guichenoti,28/12/20,0.156,30,19.41,25.268,0.298,30/12/20,16,14,0.321,1/1/21,24,6,0.142,3/1/21,18,12,0.231,21.325,27.384,CL088_20,12/11/20,15/12/20,NA,A,28,0.107,18.493,21.905,0.153,8.21,5.78,0.13,0.023,33
LG297_20,guichenoti,21/12/20,0.24,30,21.011,32.127,0.227,23/12/20,18,12,0.284,25/12/20,25,5,0.273,27/12/20,22,8,0.252,22.707,32.683,CL089_20,13/11/20,13/12/20,NA,C,28,0.184,20.595,27.815,0.24,9.56,6.75,0.24,0,30
LG299_20,guichenoti,21/12/20,0.19,30,21.096,28.014,0.201,23/12/20,12,18,0.238,25/12/20,24,6,0.179,27/12/20,21,9,0.223,21.029,31.964,CL089_20,13/11/20,13/12/20,f,A,28,0.167,20.079,26.587,0.241,10.16,6.7,0.212,0.029,30
LG300_20,guichenoti,28/12/20,0.199,30,20.721,30.185,0.217,30/12/20,12,18,0.238,1/1/21,17,13,0.154,3/1/21,13,17,0.288,21.661,32.518,CL090_20,13/11/20,16/12/20,NA,C,28,0.135,19.02,25.289,0.167,8.84,5.84,0.167,0,33
LG301_20,guichenoti,20/1/21,0.298,30,20.073,30.803,0.205,22/1/21,15,15,0.218,24/1/21,17,13,0.197,26/1/21,10,20,0.285,22.988,32.914,CL090_20,13/11/20,6/1/21,f,A,23,0.121,18.169,24.726,0.148,8.5,5.63,0.13,0.018,54
LG303_20,guichenoti,21/12/20,0.191,30,19.745,26.253,0.195,23/12/20,12,18,0.288,25/12/20,23,7,0.183,27/12/20,17,13,0.216,20.151,28.58,CL091_20,13/11/20,13/12/20,f,C,28,0.138,18.807,26.45,0.197,9.06,6.38,0.197,0,30
LG304_20,guichenoti,21/12/20,0.172,30,20.057,27.104,0.201,23/12/20,12,18,0.205,25/12/20,18,12,0.244,27/12/20,17,13,0.237,21.272,29.488,CL091_20,13/11/20,12/12/20,NA,A,28,0.121,18.535,23.426,0.198,9.05,6.3,0.172,0.026,29
LG305_20,guichenoti,13/1/21,0.172,30,19.484,25.691,0.151,15/1/21,14,16,0.123,17/1/21,17,13,0.172,19/1/21,19,11,0.231,21.362,NA,CL092_20,13/11/20,3/1/21,NA,C,23,0.147,18.247,25.2,0.165,8.91,5.69,0.165,0,51
LG306_20,guichenoti,28/12/20,0.221,30,21.28,31.876,0.305,30/12/20,19,11,0.408,1/1/21,24,6,0.13,3/1/21,10,20,0.293,23.176,33.645,CL092_20,13/11/20,14/12/20,NA,C,28,0.153,20.203,27.177,0.172,8.86,5.8,0.172,0,31
LG307_20,guichenoti,13/1/21,0.156,30,19.798,27.677,0.166,15/1/21,14,16,0.129,17/1/21,13,17,0.185,19/1/21,16,14,0.221,21.676,30.087,CL092_20,13/11/20,3/1/21,NA,A,23,0.137,19.085,25.311,0.176,8.89,5.97,0.152,0.024,51
LG313_20,guichenoti,13/1/21,0.122,30,19.579,23.895,0.139,15/1/21,19,11,0.111,17/1/21,15,15,0.145,19/1/21,15,15,0.174,20.857,25.049,CL094_20,14/11/20,3/1/21,f,C,23,0.117,18.996,22.293,0.161,8.03,5.98,0.161,0,50
LG314_20,guichenoti,13/1/21,0.103,30,18.154,23.326,0.136,15/1/21,16,14,0.156,17/1/21,15,15,0.108,19/1/21,11,19,0.16,18.815,24.471,CL094_20,14/11/20,3/1/21,NA,A,23,0.101,17.903,21.327,0.164,8.72,5.78,0.144,0.02,50
LG315_20,guichenoti,28/12/20,0.162,30,19.891,24.495,0.27,30/12/20,19,11,0.288,1/1/21,23,7,0.158,3/1/21,18,12,0.223,20.369,28.423,CL094_20,14/11/20,15/12/20,NA,A,28,0.106,18.054,23.857,0.171,8.58,6.04,0.149,0.022,31
LG316_20,guichenoti,28/12/20,0.164,30,18.858,29.415,0.299,30/12/20,21,9,0.278,1/1/21,18,12,0.135,3/1/21,15,15,0.228,19.259,32.526,CL095_20,16/11/20,19/12/20,NA,A,28,0.122,18.277,26.42,0.166,8.71,5.68,0.146,0.02,33
LG317_20,guichenoti,20/1/21,0.203,30,20.81,29.301,0.205,22/1/21,11,19,0.256,24/1/21,17,13,0.225,26/1/21,8,22,0.313,21.912,34.489,CL095_20,16/11/20,7/1/21,NA,C,23,0.131,18.892,26.504,0.167,9.13,5.55,0.167,0,52
LG318_20,guichenoti,28/12/20,0.164,30,17.702,27.147,0.197,30/12/20,12,18,0.25,1/1/21,20,10,0.164,3/1/21,17,13,0.223,19.549,27.826,CL095_20,16/11/20,17/12/20,NA,C,28,0.133,18.643,24.51,0.178,8.46,6.12,0.178,0,31
LG319_20,guichenoti,20/1/21,0.194,30,20.784,27.964,0.186,22/1/21,7,23,0.237,24/1/21,14,16,0.136,26/1/21,5,25,0.292,22.441,36.896,CL095_20,16/11/20,4/1/21,m,A,23,0.126,19.791,24.656,0.172,8.6,6.11,0.152,0.02,49
LG320_20,guichenoti,28/12/20,0.151,30,18.382,24.637,0.176,30/12/20,13,17,0.297,1/1/21,22,8,0.193,3/1/21,20,10,0.204,20.588,29.303,CL095_20,16/11/20,19/12/20,NA,A,28,0.109,17.406,23.187,0.185,8.85,6.01,0.161,0.024,33
LG321_20,guichenoti,20/1/21,0.163,30,20.057,26.405,0.206,22/1/21,11,19,0.21,24/1/21,9,21,0.215,26/1/21,12,18,0.277,22.561,29.99,CL095_20,16/11/20,7/1/21,NA,C,23,0.116,17.64,22.712,0.123,8.08,5.07,0.123,0,52
LG322_20,guichenoti,28/12/20,0.164,30,19.467,25.922,0.245,30/12/20,20,10,0.277,1/1/21,22,8,0.149,3/1/21,16,14,0.232,20.651,28.775,CL095_20,16/11/20,18/12/20,NA,C,28,0.121,18.046,23.491,0.126,8.35,5.01,0.126,0,32
LG323_20,guichenoti,20/1/21,0.223,30,20.39,30.153,0.237,22/1/21,16,14,0.215,24/1/21,14,16,0.192,26/1/21,15,15,0.266,21.305,NA,CL095_20,16/11/20,5/1/21,m,A,23,0.102,18.726,23.601,0.128,8.57,5.05,0.111,0.017,50
LG324_20,guichenoti,28/12/20,0.208,30,19.845,28.297,0.215,30/12/20,11,19,0.288,1/1/21,12,18,0.149,3/1/21,8,22,0.32,22.685,32.391,CL096_20,16/11/20,18/12/20,NA,A,28,0.116,18.832,23.921,0.135,8.04,5.45,0.118,0.017,32
LG325_20,guichenoti,20/1/21,0.202,30,21.54,29.241,0.213,22/1/21,11,19,0.208,24/1/21,13,17,0.176,26/1/21,9,21,0.297,23.863,33.04,CL096_20,16/11/20,6/1/21,NA,C,23,0.128,20.286,23.607,0.132,8.18,5.27,0.132,0,51
LG326_20,guichenoti,28/12/20,0.171,30,20.103,24.03,0.291,30/12/20,23,7,0.244,1/1/21,20,10,0.152,3/1/21,22,8,0.16,19.499,24.927,CL096_20,16/11/20,19/12/20,NA,C,28,0.133,18.904,NA,0.158,8.42,5.87,0.158,0,33
LG328_20,guichenoti,20/1/21,0.235,30,20.146,28.057,0.208,22/1/21,12,18,0.235,24/1/21,15,15,0.174,26/1/21,10,20,0.312,24.17,35.442,CL096_20,16/11/20,7/1/21,m,A,23,0.123,18.576,24.002,0.132,8.19,5.33,0.116,0.016,52
LG329_20,guichenoti,28/12/20,0.135,30,18.277,19.036,0.255,30/12/20,17,13,0.219,1/1/21,21,9,0.156,3/1/21,22,8,0.148,18.894,21.552,CL096_20,16/11/20,18/12/20,NA,A,28,0.087,17.217,17.068,0.164,8.96,5.56,0.143,0.021,32
LG338_20,guichenoti,28/12/20,0.196,30,20.472,29.687,0.239,30/12/20,15,15,0.279,1/1/21,18,12,0.128,3/1/21,9,21,0.291,21.753,31.568,CL099_20,16/11/20,18/12/20,f,A,28,0.156,18.966,25.865,0.211,8.81,6.69,0.183,0.028,32
LG339_20,guichenoti,20/1/21,0.35,30,22.961,31.896,0.177,22/1/21,9,21,0.223,24/1/21,10,20,0.162,26/1/21,5,25,0.341,23.615,21.703,CL099_20,16/11/20,4/1/21,"""5000""",C,23,0.181,21.565,28.366,0.25,9.14,7.14,0.25,0,49
LG340_20,guichenoti,28/12/20,0.236,30,22.688,32.146,0.142,30/12/20,12,18,0.289,1/1/21,22,8,0.141,3/1/21,15,15,0.313,23.504,34.46,CL099_20,16/11/20,18/12/20,f,C,28,0.201,21.71,30.736,0.266,9.22,7.4,0.266,0,32
LG341_20,guichenoti,13/1/21,0.166,30,19.331,27.306,0.169,15/1/21,14,16,0.145,17/1/21,17,13,0.11,19/1/21,7,23,0.213,20.508,NA,CL099_20,16/11/20,3/1/21,NA,A,23,0.144,19.338,25.992,0.206,8.56,6.6,0.181,0.025,48
LG366_20,guichenoti,20/1/21,0.203,30,19.566,29.149,0.157,22/1/21,7,23,0.246,24/1/21,14,16,0.174,26/1/21,7,23,0.289,22.292,31.859,CL106_20,18/11/20,8/1/21,NA,C,23,0.142,19.377,NA,0.176,8.66,6.03,0.176,0,51
LG368_20,guichenoti,28/12/20,0.149,30,18.645,26.356,0.298,30/12/20,23,7,0.225,1/1/21,16,14,0.149,3/1/21,15,15,0.204,19.356,29.613,CL107_20,18/11/20,18/12/20,NA,A,28,0.086,16.15,22.675,0.14,7.73,5.68,0.119,0.021,30
LG375_20,guichenoti,28/12/20,0.16,30,20.007,28.04,0.172,30/12/20,19,11,0.276,1/1/21,20,10,0.131,3/1/21,13,17,0.228,21.007,31.597,CL110_20,20/11/20,20/12/20,f,A,28,0.103,NA,NA,0.168,8.08,6.1,0.142,0.026,30
LG376_20,guichenoti,20/1/21,0.282,30,19.088,27.22,0.196,22/1/21,12,18,0.233,24/1/21,12,18,0.179,26/1/21,9,21,0.263,21.424,30.903,CL110_20,20/11/20,7/1/21,f,A,23,0.103,17.616,21.918,0.175,8.68,6.05,0.144,0.031,48
LG377_20,guichenoti,20/1/21,0.194,30,20.376,28.777,0.184,22/1/21,7,23,0.234,24/1/21,14,16,0.15,26/1/21,5,25,0.29,22.707,30.942,CL110_20,20/11/20,8/1/21,NA,C,23,0.135,18.689,25.106,0.188,8.12,6.33,0.188,0,49
LG397_20,guichenoti,25/1/21,0.194,30,20.718,29.932,0.226,27/1/21,11,19,0.275,29/1/21,18,12,0.358,31/1/21,20,10,0.322,22.499,33.118,CL116_20,23/11/20,12/1/21,m,C,23,0.13,19.471,22.854,0.16,8.35,6.06,0.16,0,50
LG398_20,guichenoti,25/1/21,0.143,30,19.378,24.487,0.191,27/1/21,20,10,0.297,29/1/21,23,7,0.243,31/1/21,21,9,0.195,21.639,25.537,CL116_20,23/11/20,12/1/21,f,A,23,0.122,18.684,21.66,0.174,8.74,5.74,0.157,0.017,50
LG400_20,guichenoti,25/1/21,0.175,30,20.482,27.662,0.179,27/1/21,8,22,0.279,29/1/21,16,14,0.368,31/1/21,19,11,0.314,22.329,31.747,CL117_20,23/11/20,15/1/21,m,C,23,0.152,19.108,25.309,0.176,9.26,5.91,0.176,0,53
LG402_20,guichenoti,25/1/21,0.207,30,21.135,29.294,0.193,27/1/21,9,21,0.275,29/1/21,19,11,0.317,31/1/21,18,12,0.334,22.786,32.392,CL118_20,24/11/20,11/1/21,m,C,23,0.167,19.618,24.002,0.25,10.1,6.79,0.25,0,48
LG403_20,guichenoti,25/1/21,0.188,30,21.378,29.156,0.2,27/1/21,10,20,0.306,29/1/21,18,12,0.362,31/1/21,19,11,0.294,24.166,31.754,CL118_20,24/11/20,12/1/21,m,A,23,0.133,19.669,25.029,0.242,10,6.57,0.217,0.025,49
LG404_20,guichenoti,4/1/21,0.235,30,20.962,30.751,0.152,6/1/21,11,19,0.165,8/1/21,11,19,0.315,10/1/21,17,13,0.277,23.299,31.005,CL118_20,24/11/20,26/12/20,m,A,28,0.164,20.312,27.716,0.255,9.73,6.96,0.23,0.025,32
LG405_20,guichenoti,25/1/21,0.203,30,22.376,26.737,0.21,27/1/21,13,17,0.297,29/1/21,21,9,0.324,31/1/21,16,14,0.297,22.722,29.02,CL119_20,24/11/20,11/1/21,f,C,23,0.16,19.717,24.305,0.227,8.95,6.82,0.227,0,48
LG406_20,guichenoti,25/1/21,0.168,30,20.852,28.343,0.233,27/1/21,15,15,0.303,29/1/21,20,10,0.358,31/1/21,20,10,0.3,23.915,29.131,CL119_20,24/11/20,11/1/21,f,A,23,0.165,20.293,23.382,0.218,8.75,6.72,0.202,0.016,48
LG407_20,guichenoti,4/1/21,0.247,30,20.64,29.112,0.159,6/1/21,5,25,0.184,8/1/21,15,15,0.193,10/1/21,8,22,0.318,21.862,31.398,NA,NA,NA,NA,NA,NA,NA,NA,NA,NA,NA,NA,NA,NA,NA
LG411_20,guichenoti,4/1/21,0.225,30,21.81,33.134,0.176,6/1/21,15,15,0.2,8/1/21,22,8,0.221,10/1/21,15,15,0.313,21.91,35.126,CL122_20,26/11/20,25/12/20,NA,C,28,0.155,21.263,29.767,0.215,8.58,6.62,0.215,0,29
LG412_20,guichenoti,20/1/21,0.264,30,21.787,31.273,0.2,22/1/21,9,21,0.243,24/1/21,13,17,0.164,26/1/21,4,26,0.363,23.705,33.284,CL122_20,26/11/20,10/1/21,f,C,23,0.179,20.319,27.481,0.239,9.54,6.69,0.239,0,45
LG413_20,guichenoti,20/1/21,0.31,30,19.829,NA,0.21,22/1/21,13,17,0.25,24/1/21,17,13,0.208,26/1/21,11,19,0.308,22.626,33.145,CL122_20,26/11/20,9/1/21,NA,C,23,0.152,18.56,26.68,0.208,8.94,6.35,0.208,0,44
LG414_20,guichenoti,4/1/21,0.26,30,22.505,33.243,0.171,6/1/21,4,26,0.181,8/1/21,1,29,0.281,10/1/21,10,20,0.387,25.204,36.289,CL122_20,26/11/20,24/12/20,NA,A,28,0.167,18.594,27.46,0.223,9.19,6.68,0.195,0.028,28
LG415_20,guichenoti,25/1/21,0.236,30,23.615,32.98,0.236,27/1/21,12,18,0.31,29/1/21,13,17,0.332,31/1/21,17,13,0.367,24.611,36.931,CL122_20,26/11/20,13/1/21,f,C,23,0.172,21.023,28.967,0.188,9.49,5.86,0.188,0,48
LG443_20,guichenoti,4/1/21,0.156,30,21.027,26.323,0.173,6/1/21,16,14,0.156,8/1/21,16,14,0.303,10/1/21,22,8,0.23,22.265,28.496,CL130_20,29/11/20,27/12/20,NA,A,28,0.147,19.743,24.74,0.217,8.81,6.63,0.198,0.019,28
LG444_20,guichenoti,3/2/20,0.166,30,NA,NA,0.129,5/2/20,10,20,0.13,7/2/20,16,14,0.164,9/2/20,20,10,0.204,20.262,29.843,Cl131_20,29/11/20,18/1/21,m,A,23,0.127,18.299,23.048,0.17,8.26,6.09,0.156,0.014,50
LG445_20,guichenoti,3/2/20,0.2,30,21.424,NA,0.126,5/2/20,9,21,0.137,7/2/20,14,16,0.175,9/2/20,9,21,0.281,23.887,30.876,CL132_20,30/11/20,22/1/21,f,C,23,0.126,20.395,25.535,0.17,8.43,5.91,0.17,0,53
LG446_20,guichenoti,3/2/20,0.158,30,19.075,27.996,0.124,5/2/20,10,20,0.125,7/2/20,14,16,0.171,9/2/20,11,19,0.143,20.772,31.817,CL132_20,30/11/20,23/1/21,f,A,23,0.125,19.163,23.826,0.154,8.49,5.46,0.133,0.021,54
LG447_20,guichenoti,13/1/21,0.153,30,19.883,27.272,0.148,15/1/21,13,17,0.109,17/1/21,15,15,0.122,19/1/21,11,19,0.21,21.982,28.742,CL132_20,30/11/20,3/1/21,f,A,28,0.132,19.156,26.732,0.148,9.05,5.2,0.126,0.022,34
LG448_20,guichenoti,25/1/21,0.168,30,20.743,25.43,0.224,27/1/21,16,14,0.309,29/1/21,21,9,0.345,31/1/21,18,12,0.263,21.737,29.495,CL133_20,30/11/20,17/1/21,NA,C,23,0.145,19.498,23.968,0.213,9.52,6.31,0.213,0,48
LG449_20,guichenoti,25/1/21,0.195,30,20.674,28.71,0.205,27/1/21,15,15,0.288,29/1/21,21,9,0.343,31/1/21,20,10,0.271,21.736,33.573,CL133_20,30/11/20,16/1/21,f,A,23,0.146,19.73,24.416,0.215,8.93,6.48,0.191,0.024,47
LG450_20,guichenoti,13/1/21,0.203,30,21.658,26.353,0.149,15/1/21,11,19,0.148,17/1/21,15,15,0.15,19/1/21,13,17,0.271,23.278,30.477,CL133_20,30/11/20,30/12/20,f,A,28,0.137,19.568,24.382,0.21,8.24,6.66,0.18,0.03,30
LG455_20,guichenoti,13/1/21,0.182,30,19.896,29.065,0.133,15/1/21,7,23,0.122,17/1/21,10,20,0.114,19/1/21,7,23,0.266,20.746,32.017,CL135_20,1/12/20,31/12/20,NA,A,28,0.115,18.58,25.61,0.178,8.47,6.02,0.161,0.017,30
LG456_20,guichenoti,25/1/21,0.161,30,20.529,28.283,0.193,27/1/21,10,20,0.296,29/1/21,17,13,0.23,31/1/21,15,15,0.274,22.353,31.731,CL136_20,1/12/20,17/1/21,f,A,23,0.13,19.651,24.44,0.186,8.35,6.15,0.163,0.023,47
LG457_20,guichenoti,13/1/21,0.203,30,21.247,26.35,0.143,15/1/21,8,22,0.123,17/1/21,11,19,0.123,19/1/21,6,24,0.273,21.481,30.356,CL136_20,1/12/20,31/12/20,NA,A,28,0.136,19.06,26.296,0.192,8.47,6.08,0.176,0.016,30
LG458_20,guichenoti,13/1/21,0.206,30,20.276,29.614,0.159,15/1/21,10,20,0.203,17/1/21,15,15,0.145,19/1/21,15,15,0.263,22.142,31.256,CL136_20,1/12/20,31/12/20,f,C,28,0.142,18.993,26.139,0.195,8.27,6.48,0.195,0,30
LG465_20,guichenoti,3/2/20,0.197,30,20.127,NA,0.125,5/2/20,7,23,0.141,7/2/20,9,21,0.168,9/2/20,7,23,0.224,23.039,34.033,CL139_20,2/12/20,20/1/21,m,C,23,0.153,19.673,27.517,0.221,9.07,6.63,0.221,0,49
LG466_20,guichenoti,3/2/20,0.164,30,18.369,28.32,0.127,5/2/20,10,20,0.112,7/2/20,14,16,0.161,9/2/20,14,16,0.167,22.115,31.782,CL139_20,2/12/20,19/1/21,m,A,23,0.115,18.317,23.564,0.22,8.07,6.95,0.193,0.027,48
LG467_20,guichenoti,13/1/21,0.209,30,21.665,29.373,0.172,15/1/21,8,22,0.149,17/1/21,16,14,0.181,19/1/21,13,17,0.274,22.193,33.824,CL139_20,2/12/20,2/1/21,NA,A,28,0.161,20.802,27.154,0.203,8.22,6.56,0.188,0.015,31
LG536_20,guichenoti,20/1/21,0.255,30,23.788,30.275,0.225,22/1/21,13,17,0.228,24/1/21,12,18,0.224,26/1/21,9,21,0.399,24.867,37.807,CL157_20,9/12/20,7/1/21,f,C,28,0.174,20.904,26.291,0.224,8.53,7.01,0.224,0,29
LG546_20,guichenoti,25/1/21,0.23,30,21.442,29.968,0.163,27/1/21,7,23,0.285,29/1/21,15,15,0.418,31/1/21,14,16,0.334,22.488,30.175,CL160_20,11/12/20,11/1/21,f,A,28,0.141,19.635,24.93,0.21,9.22,6.72,0.186,0.024,31
LG548_20,guichenoti,20/1/21,0.264,30,19.654,27.951,0.2,22/1/21,13,17,0.235,24/1/21,17,13,0.169,26/1/21,9,21,0.248,23.859,28.964,CL161_20,11/12/20,10/1/21,NA,A,28,0.114,17.986,25.384,0.188,8.5,6.23,0.157,0.031,30
LG549_20,guichenoti,20/1/21,0.283,30,19.771,29.039,0.193,22/1/21,13,17,0.193,24/1/21,18,12,0.19,26/1/21,15,15,0.234,22.393,31.29,CL161_20,11/12/20,10/1/21,NA,C,28,0.138,19.257,27.443,0.206,8.74,6.8,0.206,0,30
LG563_20,guichenoti,3/2/20,0.226,30,22.607,30.112,0.123,5/2/20,6,24,0.117,7/2/20,9,21,0.14,9/2/20,6,24,0.269,23.409,33.742,CL165_20,18/12/20,19/1/21,f,A,28,0.164,20.248,25.685,0.226,9.84,6.68,0.204,0.022,32
LG564_20,guichenoti,3/2/20,0.21,30,20.386,29.149,0.125,5/2/20,6,24,0.118,7/2/20,10,20,0.149,9/2/20,10,20,0.206,21.088,29.161,CL165_20,18/12/20,18/1/21,f,C,28,0.146,18.16,23.332,0.196,8.93,6.7,0.178,0.018,31
LG584_20,guichenoti,3/2/20,0.181,30,21.008,32.039,0.126,5/2/20,8,22,0.111,7/2/20,11,19,0.14,9/2/20,8,22,0.212,21.441,33.384,CL171_20,22/12/20,22/1/21,m,A,28,0.118,19.848,24.822,0.22,8.88,6.74,0.197,0.023,31